
--INSERT COURSE
INSERT INTO COURSE
	(courseCode, courseName)
	VALUES (
	'BS100','Fundamentals of Business Mangament');

INSERT INTO COURSE
	(courseCode, courseName)
	VALUES (
	'BS105','Statistics');

INSERT INTO COURSE
	(courseCode, courseName)
	VALUES (
	'IT135','Problem Solving');

INSERT INTO COURSE
	(courseCode, courseName)
	VALUES (
	'IT403','Theory of Computation');

--SELECT * FROM COURSE

--INSERT ASSIGNEMENTS
INSERT INTO ASSIGNMENT
	(courseCode, assignmentNumber, weight, dueDate)
	VALUES (
	'BS100',1,20,'2023-03-01');

INSERT INTO ASSIGNMENT
	(courseCode, assignmentNumber, weight, dueDate)
	VALUES (
	'BS100',2,10,'2023-03-14');

INSERT INTO ASSIGNMENT
	(courseCode, assignmentNumber, weight, dueDate)
	VALUES (
	'BS100',3,70,'2023-04-01');

INSERT INTO ASSIGNMENT
	(courseCode, assignmentNumber, weight, dueDate)
	VALUES (
	'BS105',1,30,'2023-04-07');

INSERT INTO ASSIGNMENT
	(courseCode, assignmentNumber, weight, dueDate)
	VALUES (
	'BS105',2,70,'2023-04-14');

INSERT INTO ASSIGNMENT
	(courseCode, assignmentNumber, weight, dueDate)
	VALUES (
	'IT135',1,20,'2023-03-01');

INSERT INTO ASSIGNMENT
	(courseCode, assignmentNumber, weight, dueDate)
	VALUES (
	'IT135',2,10,'2023-04-01');

INSERT INTO ASSIGNMENT
	(courseCode, assignmentNumber, weight, dueDate)
	VALUES (
	'IT135',3,70,'2023-04-14');

INSERT INTO ASSIGNMENT
	(courseCode, assignmentNumber, weight, dueDate)
	VALUES (
	'IT403',1,100,'2023-04-14');

-- SELECT * FROM ASSIGNMENT

-- INSERT STUDENTS
INSERT INTO STUDENT
	(program)
	VALUES (
	'Information and Communication Technology');

INSERT INTO STUDENT
	(program)
	VALUES (
	'Accountancy');

INSERT INTO STUDENT
	(program)
	VALUES (
	'Accountancy');


INSERT INTO STUDENT
	(program)
	VALUES (
	'Business Administration');


INSERT INTO STUDENT
	(program)
	VALUES (
	'Business Administration');

INSERT INTO STUDENT
	(program)
	VALUES (
	'Accountancy');

INSERT INTO STUDENT
	(program)
	VALUES (
	'Business Administration');


INSERT INTO STUDENT
	(program)
	VALUES (
	'Accountancy');

INSERT INTO STUDENT
	(program)
	VALUES (
	'Finance');

INSERT INTO STUDENT
	(program)
	VALUES (
	'Finance');

INSERT INTO STUDENT
	(program)
	VALUES (
	'Information and Communication Technology');

INSERT INTO STUDENT
	(program)
	VALUES (
	'Finance');

INSERT INTO STUDENT
	(program)
	VALUES (
	'Finance');

INSERT INTO STUDENT
	(program)
	VALUES (
	'Information and Communication Technology');

INSERT INTO STUDENT
	(program)
	VALUES (
	'Finance');

INSERT INTO STUDENT
	(program)
	VALUES (
	'Accountancy');

INSERT INTO STUDENT
	(program)
	VALUES (
	'Information and Communication Technology');

--DELETE FIRST STUDENT
DELETE FROM STUDENT
WHERE studentId = '1000000'

-- SELECT * FROM STUDENT

--INSERT SUBMISSIONS
--DO NOT INSERT THOSE WITH NULL

INSERT INTO SUBMISSION
	VALUES (
	'1000001','BS100',1,'2023-02-28', 85.5);
INSERT INTO SUBMISSION
	VALUES (
	'1000001','BS100',2,'2023-03-14', 70);
INSERT INTO SUBMISSION
	VALUES (
	'1000001','BS100',3,'2023-04-01', 65);
INSERT INTO SUBMISSION
	VALUES (
	'1000001','BS105',1,'2023-04-07', 75);

INSERT INTO SUBMISSION
	VALUES (
	'1000001','BS105',2,NULL, NULL);
INSERT INTO SUBMISSION
	VALUES (
	'1000002','BS100',1,'2023-03-02', 58.5);
INSERT INTO SUBMISSION
	VALUES (
	'1000002','BS100',2,'2023-03-15', 45);
INSERT INTO SUBMISSION
	VALUES (
	'1000002','BS100',3,NULL, NULL);
INSERT INTO SUBMISSION
	VALUES (
	'1000003','BS100',1,'2023-03-01', 65);
INSERT INTO SUBMISSION
	VALUES (
	'1000003','BS100',2,'2023-03-14', 70);
INSERT INTO SUBMISSION
	VALUES (
	'1000003','BS100',3,'2023-03-30', 80);
INSERT INTO SUBMISSION
	VALUES (
	'1000003','BS105',1,NULL, NULL);
INSERT INTO SUBMISSION
	VALUES (
	'1000003','BS105',2,NULL, NULL);
INSERT INTO SUBMISSION
	VALUES (
	'1000004','BS100',1,'2023-03-01', 90);
INSERT INTO SUBMISSION
	VALUES (
	'1000004','BS100',2,'2023-03-14', 85);
INSERT INTO SUBMISSION
	VALUES (
	'1000004','BS100',3,'2023-04-02', 75);
INSERT INTO SUBMISSION
	VALUES (
	'1000004','BS105',1,'2023-04-07', 72);
INSERT INTO SUBMISSION
	VALUES (
	'1000004','BS105',2,NULL, NULL);
INSERT INTO SUBMISSION
	VALUES (
	'1000005','BS105',1,'2023-04-06', 80);
INSERT INTO SUBMISSION
	VALUES (
	'1000005','BS105',2,NULL, NULL);
INSERT INTO SUBMISSION
	VALUES (
	'1000006','BS105',1,'2023-04-07', 60);
INSERT INTO SUBMISSION
	VALUES (
	'1000006','BS105',2,NULL, NULL);
INSERT INTO SUBMISSION
	VALUES (
	'1000007','BS100',1,NULL, NULL);
INSERT INTO SUBMISSION
	VALUES (
	'1000007','BS100',2,NULL, NULL);
INSERT INTO SUBMISSION
	VALUES (
	'1000007','BS100',3,NULL, NULL);
INSERT INTO SUBMISSION
	VALUES (
	'1000007','BS105',1,'2023-04-07', 70);
INSERT INTO SUBMISSION
	VALUES (
	'1000007','BS105',2,NULL, NULL);
INSERT INTO SUBMISSION
	VALUES (
	'1000008','BS100',1,'2023-02-28', 88);
INSERT INTO SUBMISSION
	VALUES (
	'1000008','BS100',2,'2023-03-14', 90);
INSERT INTO SUBMISSION
	VALUES (
	'1000008','BS100',3,'2023-04-01', 82);
INSERT INTO SUBMISSION
	VALUES (
	'1000008','BS105',1,'2023-04-08', 48);
INSERT INTO SUBMISSION
	VALUES (
	'1000008','BS105',2,NULL, NULL);

INSERT INTO SUBMISSION
	VALUES (
	'1000010','IT135',1,'2023-03-01', 90);
INSERT INTO SUBMISSION
	VALUES (
	'1000010','IT135',2,NULL, NULL);
INSERT INTO SUBMISSION
	VALUES (
	'1000010','IT135',3,'2023-04-02', 70);
INSERT INTO SUBMISSION
	VALUES (
	'1000011','BS100',1,'2023-03-01', 82.5);
INSERT INTO SUBMISSION
	VALUES (
	'1000011','BS100',2,'2023-03-14', 86);
INSERT INTO SUBMISSION
	VALUES (
	'1000011','BS100',3,'2023-04-01', 88);
INSERT INTO SUBMISSION
	VALUES (
	'1000011','BS105',1,'2023-04-08', 57);
INSERT INTO SUBMISSION
	VALUES (
	'1000011','BS105',2,NULL, NULL);
INSERT INTO SUBMISSION
	VALUES (
	'1000012','BS100',1,'2023-03-02', 75);
INSERT INTO SUBMISSION
	VALUES (
	'1000012','BS100',2,'2023-03-15', 78);
INSERT INTO SUBMISSION
	VALUES (
	'1000012','BS100',3,'2023-04-01', 86);
INSERT INTO SUBMISSION
	VALUES (
	'1000012','BS105',1,'2023-04-07', 69);
INSERT INTO SUBMISSION
	VALUES (
	'1000012','BS105',2,NULL, NULL);
INSERT INTO SUBMISSION
	VALUES (
	'1000013','IT135',1,NULL, NULL);
INSERT INTO SUBMISSION
	VALUES (
	'1000013','IT135',2,NULL, NULL);
INSERT INTO SUBMISSION
	VALUES (
	'1000013','IT135',3,NULL, NULL);
INSERT INTO SUBMISSION
	VALUES (
	'1000014','BS100',1,'2023-03-01', 78);
INSERT INTO SUBMISSION
	VALUES (
	'1000014','BS100',2,'2023-03-14', 75);
INSERT INTO SUBMISSION
	VALUES (
	'1000014','BS100',3,NULL, NULL);
INSERT INTO SUBMISSION
	VALUES (
	'1000014','BS105',1,'2023-04-08', 53);
INSERT INTO SUBMISSION
	VALUES (
	'1000014','BS105',2,NULL, NULL);
INSERT INTO SUBMISSION
	VALUES (
	'1000015','BS105',1,'2023-04-08', 45);
INSERT INTO SUBMISSION
	VALUES (
	'1000015','BS105',2,NULL, NULL);

-- SELECT * FROM SUBMISSION


--INSERT COURSE STUDENTS
INSERT INTO Course_Students
	VALUES (
	'BS100','1000001');
INSERT INTO Course_Students
	VALUES (
	'BS100','1000002');
INSERT INTO Course_Students
	VALUES (
	'BS100','1000003');
INSERT INTO Course_Students
	VALUES (
	'BS100','1000004');
INSERT INTO Course_Students
	VALUES (
	'BS100','1000007');
INSERT INTO Course_Students
	VALUES (
	'BS100','1000008');
INSERT INTO Course_Students
	VALUES (
	'BS100','1000011');
INSERT INTO Course_Students
	VALUES (
	'BS100','1000012');
INSERT INTO Course_Students
	VALUES (
	'BS100','1000014');

INSERT INTO Course_Students
	VALUES (
	'BS105','1000001');
INSERT INTO Course_Students
	VALUES (
	'BS105','1000003');
INSERT INTO Course_Students
	VALUES (
	'BS105','1000004');
INSERT INTO Course_Students
	VALUES (
	'BS105','1000005');
INSERT INTO Course_Students
	VALUES (
	'BS105','1000006');
INSERT INTO Course_Students
	VALUES (
	'BS105','1000007');
INSERT INTO Course_Students
	VALUES (
	'BS105','1000008');
INSERT INTO Course_Students
	VALUES (
	'BS105','1000011');
INSERT INTO Course_Students
	VALUES (
	'BS105','1000012');
INSERT INTO Course_Students
	VALUES (
	'BS105','1000014');
INSERT INTO Course_Students
	VALUES (
	'BS105','1000015');

INSERT INTO Course_Students
	VALUES (
	'IT135','1000010');
INSERT INTO Course_Students
	VALUES (
	'IT135','1000013');

INSERT INTO Course_Students
	VALUES (
	'IT403','1000000');

INSERT INTO Course_Students
	VALUES (
	'BS105','1000009');
INSERT INTO Course_Students
	VALUES (
	'IT135','1000016');

--SELECT * FROM COURSE_STUDENTS
